customer_id,gender,age,marital_status,dependents,contract_type,internet_service,phone_service,multiple_lines,online_security,online_backup,device_protection,tech_support,streaming_tv,streaming_movies,monthly_charges,total_charges,call_duration_minutes,latitude,longitude,churn_status
5675,Female,60,Single,1,Yearly,Fiber_Optic,Yes,Yes,No,Yes,Yes,Yes,No,Yes,67.82,304.67,586,5.241592,-115.303093,No
10982,Female,56,Single,0,Monthly,DSL,No,Yes,Yes,Yes,No,Yes,Yes,No,92.7,168.76,75,55.369917,125.898674,No
11743,Male,24,Married,3,Yearly,DSL,No,Yes,Yes,Yes,No,Yes,No,Yes,90.22,96.61,931,16.710648,48.45092,No
12203,Female,63,Married,1,Monthly,DSL,No,Yes,No,Yes,No,No,Yes,No,70.24,729.03,645,0.558483,144.501355,No
12517,Male,66,Single,1,Yearly,DSL,No,Yes,Yes,No,No,No,Yes,Yes,21.42,813.48,509,32.928352,-129.36429,No
16900,Male,60,Married,0,Yearly,Fiber_Optic,Yes,Yes,No,No,Yes,Yes,No,No,76.75,75.83,91,-62.029858,16.996561,No
17055,Female,38,Single,0,Monthly,Fiber_Optic,No,Yes,No,Yes,Yes,Yes,Yes,No,21.37,62.5,805,-59.556313,119.406144,No
19221,Male,52,Single,2,Yearly,Fiber_Optic,No,Yes,No,Yes,No,No,No,No,11.22,172.69,632,-69.047785,-179.521166,No
19788,Female,44,Married,0,Monthly,Fiber_Optic,No,Yes,No,Yes,No,Yes,Yes,No,64.07,305.1,724,-71.640546,71.858125,Yes
21816,Female,51,Married,2,Yearly,Fiber_Optic,No,Yes,Yes,Yes,Yes,No,Yes,No,73,130.7,556,76.691277,-93.811233,No
21888,Male,54,Single,1,Yearly,DSL,Yes,Yes,Yes,No,No,No,No,Yes,26.2,595.14,227,-60.651992,-91.390618,No
23513,Female,45,Single,1,Monthly,DSL,Yes,No,No,No,Yes,Yes,No,Yes,63.92,443.36,359,-60.035081,156.391433,Yes
24490,Female,35,Single,1,Yearly,Fiber_Optic,No,Yes,Yes,No,Yes,No,No,Yes,40.68,222,1067,50.82261,-92.61897,No
24867,Female,25,Married,0,Monthly,DSL,Yes,Yes,No,Yes,No,No,No,Yes,3.38,36.06,94,-38.562048,-110.71036,Yes
27719,Female,24,Married,3,Yearly,DSL,Yes,Yes,No,No,Yes,No,Yes,No,34.44,689.57,497,-89.272389,99.558775,No
27970,Female,73,Single,0,Yearly,Fiber_Optic,No,Yes,Yes,No,No,Yes,No,Yes,93.67,338.79,1060,-17.383144,-48.505525,No
28041,Male,22,Married,0,Yearly,Fiber_Optic,Yes,Yes,No,Yes,No,No,No,No,69.28,864.53,293,23.101708,-32.919249,Yes
28375,Female,29,Married,2,Monthly,DSL,Yes,No,No,Yes,No,No,No,No,1.28,793.26,1113,-43.241721,5.44207,No
29029,Male,76,Single,1,Yearly,DSL,Yes,No,No,No,Yes,Yes,Yes,Yes,75.19,371.28,720,70.078128,52.095227,No
29536,Female,63,Single,0,Monthly,DSL,Yes,No,Yes,Yes,No,No,No,No,42.04,519.89,405,-66.248893,52.119617,No
32176,Female,48,Married,1,Monthly,DSL,No,Yes,Yes,No,No,No,No,No,45.8,788.79,683,-3.091607,73.660288,Yes
36705,Female,69,Married,3,Monthly,Fiber_Optic,Yes,Yes,No,Yes,Yes,Yes,Yes,Yes,43.8,135.58,436,-15.690832,170.064285,No
39109,Female,19,Single,0,Yearly,DSL,Yes,No,No,Yes,No,Yes,Yes,No,66.49,374.88,1055,-40.791422,82.115022,No
39228,Male,76,Single,0,Yearly,DSL,No,No,Yes,Yes,No,Yes,Yes,Yes,40.74,209.86,992,1.084193,-162.445423,No
41992,Male,60,Married,0,Yearly,Fiber_Optic,Yes,Yes,Yes,No,No,No,No,No,92.14,92.54,838,-51.218057,173.314533,No
42180,Female,56,Single,3,Yearly,Fiber_Optic,No,No,No,No,No,No,Yes,No,54.15,960.26,212,-89.469794,-5.585839,No
42286,Female,53,Single,3,Monthly,DSL,Yes,Yes,Yes,No,Yes,No,Yes,No,15.28,743.54,311,-78.167235,18.316702,No
43132,Male,18,Single,3,Monthly,Fiber_Optic,Yes,Yes,Yes,Yes,Yes,Yes,Yes,No,4.42,341.65,690,63.587173,14.175949,Yes
44450,Female,21,Single,3,Yearly,Fiber_Optic,No,Yes,No,Yes,Yes,No,Yes,No,25.47,933.89,1086,40.520113,147.418726,No
47184,Female,61,Single,1,Monthly,DSL,Yes,No,Yes,Yes,Yes,Yes,Yes,No,44.58,236.72,1015,3.889235,-155.17227,No
47298,Female,75,Married,3,Monthly,DSL,Yes,No,No,Yes,Yes,No,Yes,No,92.17,833.59,483,2.369866,-51.314623,No
50829,Male,38,Married,0,Yearly,Fiber_Optic,No,Yes,Yes,Yes,Yes,Yes,No,Yes,53.08,317.25,1192,-86.739976,-140.888597,No
55862,Male,64,Married,1,Monthly,DSL,No,No,Yes,No,Yes,Yes,Yes,Yes,83.98,86.29,1094,-35.643767,98.41904,No
57719,Female,76,Single,3,Yearly,DSL,Yes,Yes,Yes,Yes,Yes,Yes,Yes,Yes,95.75,5.74,187,47.577123,-53.041273,No
60177,Female,62,Married,1,Monthly,Fiber_Optic,No,Yes,Yes,No,No,No,No,No,77.21,347.38,504,-79.187795,-165.953434,Yes
60420,Female,61,Married,1,Yearly,DSL,Yes,Yes,Yes,No,Yes,No,Yes,No,4.49,332.57,633,25.72537,46.877965,No
62159,Male,27,Married,1,Yearly,DSL,No,Yes,No,No,Yes,No,Yes,Yes,29.01,284.05,660,71.646843,122.425398,No
63991,Male,70,Married,3,Monthly,Fiber_Optic,No,Yes,Yes,Yes,No,Yes,No,Yes,20.82,832.95,648,-53.659948,-39.959467,No
64505,Female,38,Married,3,Yearly,Fiber_Optic,Yes,Yes,Yes,Yes,Yes,Yes,No,No,96.77,392.84,73,-67.271352,-18.545878,No
66774,Male,34,Married,2,Monthly,Fiber_Optic,No,No,No,Yes,Yes,No,Yes,No,21.93,393.84,373,-22.362916,159.996069,No
67208,Male,29,Single,0,Yearly,Fiber_Optic,No,Yes,No,Yes,No,Yes,No,No,71.93,462.07,182,-22.396105,-28.506723,No
67377,Female,43,Married,1,Monthly,DSL,No,Yes,Yes,No,No,No,Yes,Yes,17.51,689.31,1105,7.027566,155.169031,Yes
67809,Male,38,Married,3,Yearly,Fiber_Optic,No,Yes,Yes,Yes,No,Yes,No,Yes,19.63,528.01,61,30.907625,-106.166154,Yes
68081,Male,73,Single,0,Yearly,Fiber_Optic,No,Yes,Yes,Yes,Yes,Yes,Yes,No,48.32,927.44,225,-61.883215,-101.5505,No
68240,Male,66,Married,3,Monthly,Fiber_Optic,Yes,Yes,No,Yes,No,Yes,Yes,No,62.61,554.3,1071,54.479721,-59.765536,No
68335,Male,53,Married,2,Monthly,Fiber_Optic,No,No,No,Yes,No,No,Yes,Yes,43.55,790.57,775,64.898886,-49.17783,No
71291,Male,77,Single,0,Monthly,DSL,Yes,No,Yes,Yes,Yes,No,Yes,No,53.46,720.27,1196,58.801347,-129.283301,No
71757,Female,34,Single,2,Monthly,Fiber_Optic,No,No,No,No,Yes,Yes,No,Yes,10.55,201.69,830,63.895435,-108.416021,No
71885,Female,30,Married,1,Yearly,DSL,Yes,Yes,No,No,No,No,No,Yes,50.65,212.19,649,-77.248364,82.717185,No
77435,Female,57,Single,2,Yearly,DSL,No,No,Yes,Yes,Yes,No,No,Yes,41.67,348.63,591,-14.390704,43.448801,No
77819,Male,23,Married,3,Yearly,DSL,Yes,Yes,No,No,Yes,Yes,No,Yes,69.53,327.68,662,50.212327,-94.468034,No
80147,Female,20,Married,0,Yearly,Fiber_Optic,Yes,No,No,No,Yes,Yes,Yes,No,35.31,154.94,858,-69.733086,-30.055103,No
82083,Male,70,Married,3,Yearly,DSL,No,Yes,Yes,No,Yes,Yes,Yes,Yes,98.31,340.02,900,42.085223,-29.984772,No
86447,Female,40,Single,1,Monthly,DSL,No,Yes,Yes,No,No,Yes,No,No,14.53,67.35,1081,-35.54865,111.526139,Yes
87276,Male,54,Single,3,Yearly,Fiber_Optic,Yes,Yes,Yes,Yes,Yes,No,Yes,Yes,51.43,316.35,46,-45.940122,-141.268848,No
87789,Male,36,Single,0,Yearly,DSL,Yes,No,Yes,No,No,Yes,No,No,51.92,118.35,41,56.925693,172.257551,No
88353,Male,24,Married,1,Monthly,DSL,Yes,Yes,Yes,Yes,Yes,No,No,No,65.62,667.19,440,60.359598,-153.1757,No
92711,Female,30,Married,0,Yearly,DSL,Yes,Yes,No,Yes,Yes,Yes,Yes,No,71.24,824.39,1181,-8.889941,-72.43777,Yes
92968,Male,66,Married,2,Monthly,DSL,Yes,No,No,Yes,Yes,Yes,Yes,Yes,75.16,476.41,152,-52.812662,54.532911,No
93955,Male,26,Single,2,Monthly,Fiber_Optic,No,Yes,Yes,No,No,No,Yes,No,29.31,841.08,391,-70.809239,19.859717,No
103685,Male,50,Married,1,Monthly,Fiber_Optic,Yes,Yes,No,No,Yes,No,Yes,Yes,63.57,937.93,939,-72.142833,-126.637666,No
106103,Female,50,Married,1,Monthly,DSL,No,No,No,Yes,No,Yes,No,No,12.56,177.71,613,-85.482424,32.601826,No
106400,Female,50,Married,1,Monthly,Fiber_Optic,Yes,No,No,Yes,Yes,No,No,Yes,68.61,472.6,365,-70.993749,41.011147,No
107789,Male,60,Married,1,Yearly,DSL,Yes,Yes,Yes,Yes,No,No,Yes,No,2.22,132.22,713,13.561088,-146.342668,No
108373,Female,53,Single,1,Monthly,DSL,Yes,Yes,Yes,No,Yes,No,Yes,No,65.74,634.19,238,-73.691179,128.55971,Yes
108474,Female,18,Married,1,Monthly,DSL,Yes,No,Yes,Yes,No,Yes,No,No,21.18,668.43,848,5.097323,7.714415,Yes
109296,Female,42,Married,2,Monthly,DSL,No,No,Yes,Yes,No,Yes,No,Yes,88.72,586.14,322,15.635309,-134.229792,No
110830,Male,64,Married,2,Yearly,DSL,Yes,No,No,No,No,Yes,Yes,Yes,35.44,574.4,970,-32.146132,-115.097551,No
111699,Male,31,Single,0,Yearly,DSL,No,No,No,Yes,Yes,No,No,No,18.96,597.71,503,-34.925187,-82.657404,No
112274,Male,45,Single,3,Monthly,Fiber_Optic,Yes,No,No,Yes,Yes,No,No,No,94.58,764.58,1182,24.067455,-103.657097,Yes
113160,Male,46,Married,3,Yearly,DSL,No,No,Yes,Yes,Yes,No,Yes,Yes,69.85,744.81,754,73.626867,57.278835,No
117788,Male,42,Single,3,Yearly,Fiber_Optic,No,Yes,Yes,Yes,Yes,No,No,Yes,99.74,77.72,475,44.752545,19.461593,No
118472,Male,34,Single,0,Yearly,Fiber_Optic,No,Yes,No,Yes,No,Yes,No,No,3.03,111.3,558,89.008354,27.151961,No
123261,Female,66,Single,1,Monthly,Fiber_Optic,No,No,No,Yes,Yes,Yes,Yes,Yes,58.49,336.59,1114,23.810767,-44.577484,No
124076,Female,43,Single,3,Yearly,Fiber_Optic,Yes,Yes,No,Yes,No,No,No,Yes,41.77,291.61,246,-62.918556,-130.649404,No
124892,Male,51,Married,1,Yearly,DSL,No,No,Yes,No,No,Yes,Yes,Yes,93.91,761.69,1189,30.734294,-43.112365,No
127533,Male,21,Married,3,Yearly,DSL,No,Yes,Yes,No,Yes,No,Yes,Yes,31.65,137.63,886,-39.45862,-112.419626,Yes
130417,Male,52,Married,3,Monthly,Fiber_Optic,No,No,Yes,Yes,Yes,Yes,No,No,17.76,549.49,257,-13.651912,-8.206314,Yes
132246,Female,37,Married,0,Monthly,Fiber_Optic,Yes,Yes,Yes,No,Yes,No,Yes,No,61.75,59.04,531,-83.478167,127.135037,Yes
133290,Female,52,Single,2,Yearly,DSL,No,Yes,Yes,No,No,Yes,Yes,Yes,72.94,111.18,441,0.97502,-27.463814,No
135677,Female,26,Married,2,Monthly,Fiber_Optic,Yes,No,No,No,No,No,No,No,37.7,95.83,417,-8.446047,-100.424658,No
135769,Male,76,Married,1,Monthly,DSL,Yes,No,No,Yes,Yes,No,Yes,No,68.29,249.74,239,-44.981995,54.328075,No
136162,Male,35,Married,1,Monthly,Fiber_Optic,No,Yes,Yes,No,Yes,Yes,Yes,No,29.79,877.3,591,59.861815,66.290938,No
136813,Male,61,Single,2,Yearly,DSL,Yes,Yes,No,Yes,No,Yes,No,Yes,47.8,296.14,56,-27.836239,31.140353,No
137600,Female,32,Single,0,Monthly,DSL,No,No,Yes,Yes,Yes,Yes,Yes,No,95.15,77.06,637,-13.767462,8.909034,No
141114,Female,28,Married,0,Monthly,Fiber_Optic,Yes,Yes,Yes,No,Yes,No,No,Yes,40.54,877.08,202,-51.427571,23.088498,Yes
142694,Female,36,Single,2,Yearly,DSL,No,Yes,Yes,Yes,Yes,Yes,Yes,Yes,20.16,804.78,503,32.692751,-125.800598,No
143214,Female,20,Married,1,Yearly,Fiber_Optic,Yes,Yes,Yes,Yes,No,No,Yes,Yes,47.53,236.53,907,-76.728561,-144.483408,No
145105,Female,26,Single,0,Monthly,Fiber_Optic,Yes,Yes,No,Yes,Yes,Yes,No,No,90.37,677.58,812,-26.758375,81.454642,No
145553,Female,65,Married,2,Yearly,DSL,Yes,Yes,Yes,No,Yes,Yes,No,No,79.44,755.49,473,36.816933,-57.568768,No
145589,Female,48,Single,1,Yearly,DSL,Yes,Yes,No,No,Yes,No,No,Yes,79.22,906.36,186,-79.682927,115.468818,No
147725,Female,24,Married,2,Yearly,Fiber_Optic,No,No,No,No,No,No,No,No,39.6,754.92,704,30.351736,29.908884,No
147848,Female,66,Married,0,Monthly,Fiber_Optic,No,No,No,Yes,Yes,Yes,No,No,63.45,660.68,479,-86.893556,139.213668,No
150715,Male,76,Single,1,Monthly,Fiber_Optic,Yes,No,No,No,Yes,Yes,Yes,Yes,13.01,145.81,406,-43.965041,-85.379052,No
151383,Male,54,Single,0,Yearly,DSL,No,Yes,No,No,No,No,No,Yes,38.85,377.3,865,-4.766382,-106.431318,No
151717,Female,52,Married,2,Yearly,DSL,No,Yes,No,Yes,Yes,No,No,No,96.99,537.82,935,-38.917046,-150.979414,No
158133,Female,26,Single,1,Yearly,Fiber_Optic,Yes,Yes,No,Yes,No,No,Yes,No,91.26,5.67,348,-11.50006,-68.876941,No
159347,Female,75,Married,2,Monthly,DSL,No,Yes,No,No,Yes,No,No,No,85.99,719.99,24,79.502146,53.066733,No
159778,Male,25,Single,3,Yearly,DSL,No,No,No,Yes,No,No,Yes,Yes,72.2,511.89,472,-12.21636,172.790269,No
160495,Male,35,Married,0,Monthly,Fiber_Optic,No,Yes,No,No,Yes,No,No,Yes,30.57,522.24,833,72.778603,-21.962425,No
161629,Female,68,Married,2,Monthly,DSL,Yes,Yes,Yes,No,No,No,No,Yes,79.68,537.01,353,65.311829,-25.237896,No
165743,Male,56,Single,2,Monthly,Fiber_Optic,Yes,No,No,No,Yes,Yes,No,No,34.39,916.04,658,88.973565,-62.625548,No
166617,Male,74,Married,2,Monthly,DSL,Yes,Yes,No,Yes,No,No,Yes,No,33.49,941.51,843,34.202364,-57.11654,No
167674,Female,64,Married,0,Monthly,DSL,No,No,No,No,Yes,Yes,Yes,No,43.28,439.75,1080,-57.181117,-104.151907,No
169882,Female,70,Married,0,Monthly,Fiber_Optic,No,No,Yes,No,No,Yes,Yes,Yes,6.24,239.47,12,-30.133459,47.649599,Yes
173352,Male,66,Single,2,Yearly,Fiber_Optic,Yes,No,No,Yes,No,Yes,Yes,Yes,29.3,333.39,945,79.141396,-59.592303,No
175875,Male,57,Single,3,Yearly,Fiber_Optic,Yes,No,Yes,No,No,Yes,Yes,No,86.74,345.04,147,14.485599,11.885807,No
179375,Female,28,Married,3,Monthly,Fiber_Optic,Yes,No,Yes,Yes,No,No,No,Yes,50.82,440.77,815,-76.657949,-60.21073,No
182413,Male,49,Single,1,Monthly,DSL,Yes,Yes,Yes,No,Yes,Yes,Yes,Yes,82.18,48.65,933,43.726796,-42.727979,No
183720,Female,76,Married,3,Yearly,Fiber_Optic,No,Yes,Yes,No,Yes,No,No,Yes,91.27,486.39,832,-88.136288,169.222639,No
184308,Male,77,Single,0,Yearly,DSL,No,No,No,No,Yes,No,No,No,91.3,730.29,1094,-23.124116,-136.72231,No
184330,Male,53,Single,2,Monthly,Fiber_Optic,No,Yes,Yes,Yes,Yes,Yes,No,Yes,44.67,240.23,1033,15.275661,-57.242442,No
184966,Female,63,Single,2,Monthly,DSL,No,No,Yes,No,Yes,Yes,No,Yes,25.88,229.41,444,-60.201845,77.56772,Yes
186074,Male,66,Single,2,Monthly,DSL,No,No,No,No,No,No,No,No,47.36,792.88,652,-28.918314,-156.265713,No
187981,Female,34,Married,2,Monthly,DSL,Yes,No,No,No,Yes,Yes,No,No,99.88,622.13,137,37.02195,-113.349808,No
191578,Male,58,Single,3,Monthly,DSL,Yes,Yes,Yes,No,Yes,No,No,Yes,60.31,692.86,786,-54.543564,-172.95622,No
191729,Female,73,Single,3,Monthly,DSL,Yes,Yes,No,No,No,Yes,Yes,No,54.9,57.93,771,-82.978398,-83.749401,No
192230,Female,76,Single,2,Monthly,Fiber_Optic,Yes,No,No,Yes,Yes,No,No,Yes,17.42,42.41,827,-32.499874,10.518029,No
196594,Male,57,Single,2,Yearly,DSL,No,No,Yes,Yes,No,No,Yes,Yes,21.63,919.27,1137,86.382454,-159.520255,No
196671,Male,39,Married,3,Yearly,Fiber_Optic,Yes,Yes,No,Yes,Yes,Yes,Yes,No,85.26,988.74,463,83.446842,57.62803,No
199659,Female,65,Single,0,Monthly,Fiber_Optic,Yes,Yes,Yes,Yes,No,Yes,Yes,Yes,20.48,266.68,862,53.094635,114.424919,No
200387,Male,21,Single,1,Yearly,DSL,No,Yes,No,No,No,Yes,No,No,6.34,572.92,809,27.444511,-93.737498,No
200750,Male,31,Single,2,Yearly,DSL,Yes,No,Yes,Yes,No,Yes,No,No,61.18,952.15,1110,48.670698,-152.688243,Yes
200916,Female,27,Single,0,Monthly,DSL,Yes,Yes,Yes,Yes,No,Yes,Yes,No,55.6,936.52,17,-42.485373,-80.738956,No
205037,Male,24,Married,0,Yearly,DSL,Yes,No,Yes,No,No,Yes,Yes,Yes,90.24,234.15,556,20.765314,67.005581,No
205828,Female,24,Single,0,Monthly,Fiber_Optic,No,Yes,Yes,Yes,Yes,No,No,No,31.17,774.99,1127,-22.740803,-162.31571,Yes
208617,Female,76,Single,2,Yearly,DSL,Yes,Yes,No,No,No,Yes,No,No,66.73,366.14,994,-81.899657,86.021811,No
208954,Female,43,Married,1,Monthly,DSL,No,Yes,Yes,No,Yes,No,No,Yes,83.16,144.79,274,37.963302,132.250049,No
213004,Male,70,Married,2,Monthly,Fiber_Optic,Yes,No,No,Yes,Yes,No,No,No,1.88,802.94,1149,-21.11547,-166.120904,Yes
214689,Female,50,Married,1,Yearly,Fiber_Optic,No,No,Yes,No,No,Yes,Yes,Yes,35.05,318.28,647,44.07117,-142.418069,No
215391,Female,59,Single,0,Monthly,DSL,No,Yes,Yes,No,No,Yes,Yes,No,56.38,607.36,414,72.811714,-4.823294,No
215772,Male,43,Married,3,Yearly,DSL,Yes,No,Yes,No,No,No,No,Yes,55.35,515.5,1100,-82.928568,-19.817262,Yes
215969,Male,77,Single,0,Monthly,DSL,No,No,Yes,Yes,No,No,No,Yes,61.51,809.53,242,14.966961,-68.863133,No
220983,Male,49,Married,0,Monthly,Fiber_Optic,No,No,Yes,No,No,Yes,No,Yes,38.8,352.11,715,76.856333,124.170391,No
225149,Male,19,Single,1,Yearly,Fiber_Optic,No,No,No,Yes,No,No,No,No,96.35,955.28,1062,11.347266,-123.16378,Yes
225877,Female,54,Married,2,Yearly,DSL,No,Yes,No,No,No,Yes,No,No,67.96,21.22,80,-41.012875,-122.66512,No
227694,Female,40,Married,3,Yearly,Fiber_Optic,No,Yes,No,Yes,No,No,No,Yes,77.42,742.26,466,39.017797,-29.625609,No
232104,Male,40,Married,0,Yearly,DSL,No,Yes,Yes,No,Yes,Yes,Yes,Yes,16.11,670.14,1040,-31.231403,-169.089304,Yes
233622,Male,52,Married,3,Yearly,Fiber_Optic,No,Yes,Yes,Yes,Yes,No,No,No,93.52,245.15,504,-24.291978,23.376134,No
235270,Female,70,Single,2,Yearly,Fiber_Optic,No,No,Yes,Yes,Yes,No,Yes,No,14.97,890.62,4,-27.308272,82.566021,No
240226,Female,19,Married,1,Monthly,DSL,Yes,Yes,No,Yes,No,Yes,Yes,No,78.57,157.01,513,30.460924,-157.68381,No
244946,Male,31,Single,0,Monthly,DSL,Yes,No,Yes,No,Yes,Yes,Yes,No,87.32,615.16,547,-11.638522,110.957379,No
246991,Female,72,Married,3,Yearly,DSL,No,Yes,No,No,Yes,Yes,No,Yes,58.12,450.01,607,-57.255366,-39.4531,No
247281,Female,32,Married,1,Monthly,Fiber_Optic,Yes,No,Yes,No,Yes,No,Yes,Yes,1.97,579.14,1003,-9.808805,78.397734,No
248631,Male,62,Married,3,Monthly,DSL,No,No,No,No,No,Yes,No,No,42.05,223.92,1029,21.25902,5.981575,No
248653,Female,32,Married,0,Monthly,DSL,No,No,Yes,No,Yes,No,Yes,Yes,39.44,496.39,358,-89.239744,-134.971372,No
249192,Female,75,Married,3,Monthly,DSL,No,No,No,No,Yes,No,Yes,No,40.88,845.55,1,-5.299169,-54.551165,No
250605,Male,47,Married,0,Monthly,Fiber_Optic,Yes,No,No,No,Yes,No,No,No,31.99,216.72,148,84.369812,-9.981325,No
253824,Male,30,Single,3,Monthly,DSL,No,Yes,Yes,No,No,No,No,No,45.73,819.03,867,-61.406051,44.892179,No
254319,Female,26,Married,2,Monthly,Fiber_Optic,No,Yes,Yes,Yes,No,No,Yes,No,35.18,934.61,741,-38.890373,24.138082,No
256845,Female,44,Married,3,Yearly,DSL,Yes,Yes,Yes,Yes,No,No,No,No,36.93,981.45,959,-80.510347,131.527566,Yes
257070,Male,44,Married,0,Monthly,Fiber_Optic,Yes,No,No,Yes,No,Yes,Yes,No,40.02,482.21,252,18.975666,-37.487081,Yes
257577,Male,32,Married,1,Yearly,DSL,No,No,Yes,No,Yes,Yes,Yes,Yes,70.13,72.61,311,-75.886776,41.142233,No
258419,Male,76,Single,0,Yearly,DSL,Yes,Yes,No,Yes,Yes,Yes,Yes,Yes,42.07,981.2,772,-40.228548,-17.831056,No
259096,Male,52,Single,2,Monthly,DSL,Yes,No,No,Yes,Yes,Yes,No,Yes,23.65,891.08,895,-79.812734,-163.773283,Yes
261441,Male,35,Married,0,Monthly,Fiber_Optic,No,Yes,Yes,Yes,No,Yes,Yes,Yes,69.67,851.14,198,-40.586079,135.303415,No
263132,Female,77,Single,1,Monthly,DSL,No,No,Yes,Yes,No,No,Yes,Yes,90.2,275.4,805,5.290434,48.097934,No
266559,Male,34,Married,3,Monthly,DSL,Yes,Yes,No,Yes,No,No,Yes,No,93.05,808.56,301,59.541531,-35.983469,No
274168,Female,65,Married,1,Monthly,Fiber_Optic,Yes,Yes,No,Yes,No,No,Yes,No,6.27,923.38,514,-22.785178,29.137262,No
275446,Female,69,Single,3,Monthly,DSL,Yes,No,No,No,No,Yes,No,Yes,80.37,1.71,716,86.760238,-137.617217,No
275759,Female,56,Single,2,Yearly,Fiber_Optic,Yes,Yes,Yes,No,No,Yes,Yes,Yes,1.45,625.57,101,7.996857,-10.995804,No
277873,Female,77,Married,1,Monthly,DSL,No,No,Yes,No,No,No,No,No,66.48,694.07,571,-36.345328,-157.593699,No
279396,Female,25,Single,3,Monthly,Fiber_Optic,Yes,No,No,Yes,Yes,No,No,No,69.24,593.51,1068,30.867157,67.037786,No
279403,Female,25,Married,2,Monthly,Fiber_Optic,No,No,No,Yes,No,Yes,No,Yes,83.54,208.66,644,-79.270835,67.207112,No
282987,Female,35,Single,3,Yearly,DSL,No,No,Yes,Yes,No,No,No,Yes,7.14,15.74,1037,-40.466115,101.701633,Yes
283042,Male,52,Single,1,Yearly,Fiber_Optic,Yes,No,No,No,Yes,No,No,No,51.46,874.62,995,4.03825,-135.218302,Yes
283244,Male,40,Single,1,Yearly,Fiber_Optic,No,No,Yes,No,Yes,Yes,Yes,Yes,9.91,360.26,604,-10.954942,66.149749,Yes
284098,Male,35,Married,3,Yearly,Fiber_Optic,No,Yes,No,No,No,Yes,Yes,No,29.48,732.91,936,36.391783,-118.679921,No
284178,Female,73,Single,3,Yearly,Fiber_Optic,Yes,Yes,Yes,No,No,No,Yes,No,44.19,330.18,390,24.279761,-108.291728,Yes
288178,Male,42,Single,0,Monthly,Fiber_Optic,No,Yes,Yes,Yes,No,No,No,No,62.01,147.29,1051,78.976015,-156.455075,No
292362,Male,23,Married,0,Yearly,DSL,No,Yes,No,No,Yes,Yes,No,Yes,35.51,175.04,971,4.418303,-110.545143,No
293828,Male,42,Single,0,Monthly,Fiber_Optic,Yes,Yes,Yes,Yes,No,No,Yes,Yes,29.4,325.75,896,46.122939,14.79634,No
294232,Male,63,Single,3,Yearly,DSL,No,Yes,No,No,Yes,Yes,Yes,No,68.15,441.37,194,-2.18742,162.739811,No
296847,Female,32,Single,3,Yearly,Fiber_Optic,Yes,No,Yes,Yes,Yes,No,No,Yes,82.72,773.76,464,20.691982,148.693559,No
299213,Female,32,Married,3,Yearly,DSL,Yes,No,Yes,Yes,No,No,No,No,9.61,542.77,510,-0.107463,-100.658058,No
299924,Male,48,Single,0,Monthly,DSL,No,Yes,No,Yes,Yes,Yes,Yes,Yes,19.06,177.01,375,-83.6383,-94.716328,Yes
304164,Female,39,Married,0,Yearly,Fiber_Optic,Yes,No,Yes,No,No,Yes,No,Yes,65.1,350.04,956,78.565399,-75.451357,No
307685,Female,68,Single,0,Monthly,DSL,Yes,No,Yes,Yes,Yes,No,Yes,No,94.47,794.41,165,-34.766601,-136.72186,No
307939,Female,70,Single,3,Yearly,DSL,No,No,Yes,No,Yes,Yes,Yes,Yes,92.54,91.37,816,-66.735201,37.524434,No
310911,Male,61,Married,0,Monthly,DSL,No,Yes,No,Yes,Yes,Yes,Yes,Yes,57.47,509.38,987,15.535916,-13.358965,No
318887,Female,34,Single,1,Yearly,Fiber_Optic,Yes,No,No,No,No,Yes,No,No,49.71,27.45,775,-63.365115,108.601577,No
321591,Female,32,Single,2,Monthly,DSL,Yes,No,Yes,No,Yes,Yes,No,No,67.52,649.4,265,-61.392695,-133.067779,Yes
324485,Male,38,Married,1,Yearly,Fiber_Optic,No,Yes,Yes,Yes,Yes,Yes,Yes,No,56.13,716.5,1078,-28.225143,-172.671891,Yes
325357,Female,55,Single,3,Yearly,Fiber_Optic,No,Yes,No,No,No,Yes,Yes,Yes,68.77,329.1,698,76.493675,135.888982,No
325574,Male,37,Married,1,Yearly,Fiber_Optic,Yes,Yes,Yes,No,Yes,Yes,No,Yes,62.71,905.64,776,3.26828,53.903253,No
333177,Female,77,Single,3,Monthly,DSL,No,Yes,No,Yes,No,Yes,No,Yes,24.25,383.35,226,53.169564,-32.516499,No
337425,Female,33,Single,3,Yearly,DSL,No,Yes,Yes,Yes,Yes,Yes,No,No,50.65,222.05,709,-38.152755,60.368848,No
337746,Female,42,Married,2,Yearly,Fiber_Optic,No,No,Yes,No,Yes,No,No,No,64.02,578.9,1168,-66.090909,87.271273,No
338145,Male,71,Single,3,Monthly,Fiber_Optic,No,Yes,Yes,Yes,Yes,No,Yes,Yes,68.54,320,652,46.69596,-120.436632,No
338706,Female,39,Single,3,Yearly,DSL,No,Yes,Yes,Yes,No,No,Yes,Yes,51.87,890.53,1076,56.140702,-47.028469,No
339216,Male,68,Single,3,Yearly,DSL,Yes,Yes,Yes,No,No,Yes,Yes,No,93.77,598.19,213,-72.977895,158.167467,No
339564,Male,20,Married,3,Yearly,Fiber_Optic,Yes,No,No,No,No,No,No,No,79.76,996.98,710,84.400388,-155.319237,No
340820,Female,65,Single,0,Monthly,DSL,No,No,No,No,No,No,Yes,Yes,91.7,411.77,369,-35.203254,35.387228,Yes
341967,Female,71,Married,2,Monthly,Fiber_Optic,No,Yes,No,Yes,No,Yes,No,Yes,13.18,490.84,70,57.79542,154.535209,Yes
352604,Female,46,Single,3,Monthly,DSL,No,Yes,No,Yes,Yes,Yes,No,No,34.09,953.44,893,65.087361,-153.063452,No
354007,Male,41,Married,1,Yearly,Fiber_Optic,No,No,Yes,No,Yes,No,No,No,16.78,637.37,820,1.033683,-7.919345,No
354044,Male,45,Married,1,Yearly,DSL,Yes,No,No,Yes,Yes,No,No,No,64.63,636.59,292,-34.11678,115.262341,Yes
354301,Female,45,Single,1,Monthly,Fiber_Optic,Yes,No,Yes,No,Yes,No,No,No,3.4,478.49,348,-86.882678,-102.630228,Yes
354426,Female,35,Single,1,Yearly,Fiber_Optic,Yes,Yes,Yes,No,Yes,No,Yes,No,14.49,106.29,116,-60.219743,13.191932,Yes
354430,Male,26,Married,2,Monthly,DSL,Yes,Yes,Yes,No,No,Yes,No,Yes,6.87,580.31,834,42.582483,34.688152,No
357522,Male,30,Married,2,Yearly,Fiber_Optic,Yes,No,Yes,No,No,No,No,Yes,75.75,545.54,546,24.971946,118.244892,No
357629,Female,66,Married,0,Yearly,DSL,Yes,Yes,No,Yes,Yes,No,No,Yes,70.34,605.53,1100,48.654538,-144.220637,Yes
359146,Male,41,Married,0,Monthly,Fiber_Optic,Yes,Yes,No,Yes,Yes,No,No,No,29.52,189.54,74,43.60174,8.876104,No
359615,Male,77,Single,3,Yearly,DSL,Yes,No,No,No,No,Yes,Yes,No,0.48,148.47,873,-54.996393,103.821657,No
360288,Female,33,Single,2,Yearly,DSL,Yes,No,Yes,No,No,No,No,No,6.31,493.03,331,72.09353,62.942742,No
360582,Female,31,Single,0,Yearly,Fiber_Optic,No,Yes,No,Yes,No,Yes,No,Yes,79.32,839.87,983,14.29713,-22.421201,No
362487,Female,60,Single,0,Monthly,Fiber_Optic,No,No,Yes,Yes,No,No,No,No,11.57,809.85,842,-75.335692,-71.737053,No
366525,Male,42,Single,2,Yearly,Fiber_Optic,No,No,Yes,No,No,No,Yes,Yes,57.81,553.03,37,-0.729865,-40.787703,No
368603,Male,77,Single,2,Yearly,Fiber_Optic,No,No,Yes,No,Yes,No,Yes,No,10.55,5.72,854,7.682564,27.897624,No
368856,Female,30,Married,2,Monthly,Fiber_Optic,Yes,No,Yes,Yes,No,No,Yes,Yes,64.95,820.41,184,-34.821228,-154.054452,No
375292,Female,26,Single,0,Yearly,DSL,Yes,No,Yes,Yes,No,No,No,Yes,46.3,903.25,152,76.768155,-89.744532,No
376151,Female,77,Married,1,Monthly,Fiber_Optic,Yes,Yes,Yes,Yes,No,Yes,No,No,8.31,324.93,450,72.312403,-42.204069,No
376271,Female,42,Single,1,Monthly,Fiber_Optic,Yes,Yes,Yes,Yes,No,No,Yes,No,81.21,526.17,233,-19.132466,-41.326527,No
381068,Female,63,Single,3,Yearly,Fiber_Optic,No,No,Yes,Yes,Yes,No,No,No,85.25,583.62,432,-80.65424,-115.943186,No
384167,Male,70,Married,0,Yearly,Fiber_Optic,No,Yes,Yes,Yes,No,No,No,Yes,50.1,33.83,799,-48.724129,-126.691338,Yes
384302,Male,52,Single,2,Monthly,Fiber_Optic,No,Yes,Yes,No,No,Yes,No,Yes,88.15,373.72,269,89.959545,-62.524773,No
385015,Male,68,Single,1,Monthly,Fiber_Optic,No,No,Yes,No,No,Yes,Yes,No,55.29,859.73,767,21.635779,-114.708265,Yes
385861,Male,72,Married,3,Yearly,DSL,Yes,Yes,No,Yes,No,No,No,No,2.38,437.35,138,-42.372133,171.723923,Yes
386874,Male,76,Single,3,Yearly,Fiber_Optic,No,No,Yes,Yes,Yes,Yes,Yes,Yes,12.6,328.94,319,-27.722804,154.8853,No
388959,Male,31,Married,3,Yearly,DSL,Yes,No,No,Yes,Yes,Yes,No,Yes,80.39,92.76,62,86.690697,90.770515,No
388996,Male,54,Single,3,Yearly,Fiber_Optic,Yes,Yes,Yes,Yes,Yes,Yes,Yes,Yes,34.22,669.61,385,17.790279,-169.351584,No
393001,Male,73,Single,0,Monthly,DSL,No,Yes,Yes,No,Yes,No,Yes,No,72.97,977.16,835,9.266496,60.346972,No
393062,Male,55,Single,1,Monthly,DSL,No,No,No,Yes,No,Yes,Yes,Yes,4.86,897.92,412,-85.521686,-146.444068,No
394043,Male,64,Married,1,Monthly,DSL,Yes,No,No,No,No,No,Yes,Yes,75.54,663.96,64,-40.39384,-101.71422,No
396921,Female,27,Married,2,Yearly,DSL,Yes,Yes,No,No,Yes,Yes,Yes,No,47.03,789.34,643,-33.960961,161.654301,No
397235,Female,34,Single,2,Yearly,DSL,Yes,No,No,Yes,No,No,No,Yes,81.04,744.64,350,-49.438015,-89.578558,No
402651,Female,62,Married,2,Yearly,DSL,Yes,Yes,No,No,No,No,No,Yes,76.51,214.68,933,-45.61925,143.437161,No
408950,Female,20,Single,0,Monthly,DSL,No,Yes,Yes,Yes,Yes,No,No,Yes,68.53,441.68,183,-11.200576,83.223136,No
415662,Male,71,Married,0,Yearly,Fiber_Optic,Yes,Yes,No,Yes,Yes,Yes,Yes,Yes,46.28,407.73,780,-84.935914,-111.645168,No
417189,Male,60,Married,3,Yearly,DSL,No,No,Yes,Yes,No,Yes,Yes,No,50.05,964.52,385,38.104182,34.308516,No
417615,Male,60,Married,2,Monthly,DSL,Yes,Yes,No,No,No,No,No,Yes,19.57,947.09,178,72.167965,-158.63698,No
418189,Male,23,Single,3,Monthly,Fiber_Optic,No,No,No,Yes,Yes,Yes,No,Yes,24.24,967.55,132,27.113632,151.62928,No
418339,Male,26,Married,3,Yearly,Fiber_Optic,No,Yes,No,Yes,Yes,Yes,Yes,No,30.59,989.14,33,-58.87913,100.899709,No
421283,Female,56,Married,1,Monthly,Fiber_Optic,No,No,No,Yes,No,Yes,Yes,Yes,2.01,88.18,456,25.025858,-160.911937,No
421449,Female,39,Married,3,Yearly,Fiber_Optic,Yes,No,Yes,Yes,No,Yes,Yes,No,75.3,379.11,763,-81.775322,-65.284565,No
421538,Male,52,Married,0,Yearly,Fiber_Optic,Yes,Yes,Yes,No,Yes,No,No,Yes,6.69,560.07,719,-32.74416,104.926081,Yes
422854,Male,32,Married,2,Monthly,Fiber_Optic,Yes,Yes,No,No,Yes,Yes,Yes,No,13.6,101.59,119,-54.898308,63.061703,No
426746,Female,34,Single,0,Monthly,Fiber_Optic,No,Yes,Yes,No,No,Yes,No,No,61.36,998.21,180,46.104452,-61.124023,No
427689,Male,19,Single,2,Yearly,Fiber_Optic,No,Yes,No,No,Yes,No,Yes,No,23.08,263.84,752,-28.338932,119.647229,Yes
429853,Male,34,Married,1,Monthly,Fiber_Optic,Yes,No,No,No,No,No,Yes,No,39.41,841.5,30,18.331163,156.023031,No
436047,Female,56,Single,1,Monthly,Fiber_Optic,No,Yes,Yes,No,No,No,No,Yes,36.22,527.82,662,-57.905626,-95.595758,No
436433,Male,44,Single,2,Monthly,DSL,Yes,Yes,No,Yes,No,No,No,No,66.57,87.66,529,79.868331,-37.961475,Yes
438063,Male,51,Single,3,Yearly,Fiber_Optic,Yes,No,Yes,No,No,No,No,Yes,64.93,907.81,709,-48.030717,-38.933972,No
444089,Female,62,Single,0,Monthly,Fiber_Optic,No,Yes,No,No,Yes,Yes,No,No,19.35,296.36,1081,21.062278,-42.694908,Yes
448683,Female,48,Single,2,Monthly,DSL,No,No,No,Yes,Yes,Yes,Yes,No,38.79,996.51,982,-71.024783,-154.757019,Yes
451070,Male,54,Single,2,Yearly,DSL,Yes,No,Yes,Yes,No,No,Yes,No,5.73,455.19,124,-62.148518,-13.867161,No
455396,Female,47,Single,1,Monthly,Fiber_Optic,Yes,No,No,No,Yes,Yes,No,No,67.95,697.3,537,-63.285949,-36.769499,No
457722,Female,47,Married,1,Monthly,Fiber_Optic,No,Yes,Yes,Yes,No,No,Yes,Yes,81.01,788.14,612,-56.142404,-32.770773,No
465370,Male,22,Married,0,Monthly,Fiber_Optic,Yes,No,No,Yes,No,No,Yes,Yes,5.84,702.02,401,12.241101,120.811276,No
465477,Male,44,Married,0,Monthly,Fiber_Optic,Yes,No,Yes,No,Yes,No,Yes,No,19.42,793.51,461,7.935022,23.633,Yes
468376,Male,75,Married,0,Yearly,Fiber_Optic,Yes,Yes,Yes,Yes,No,Yes,Yes,Yes,50.92,14.2,652,31.418493,87.283307,No
474026,Male,61,Single,2,Monthly,Fiber_Optic,No,No,Yes,No,Yes,Yes,Yes,Yes,10.62,604.12,842,35.726099,-41.082901,No
474389,Male,33,Single,3,Monthly,DSL,Yes,No,Yes,Yes,No,No,No,Yes,50.49,832.03,774,41.554847,78.527757,No
475684,Female,24,Married,2,Yearly,DSL,No,Yes,Yes,No,Yes,No,Yes,Yes,82.7,855.32,954,-15.903383,61.799873,Yes
475750,Female,69,Single,0,Monthly,DSL,Yes,Yes,Yes,No,No,Yes,Yes,No,51.94,362.79,306,-55.744001,-113.635911,No
475773,Male,53,Single,0,Monthly,Fiber_Optic,No,Yes,Yes,Yes,Yes,Yes,No,Yes,35.65,10.97,1182,70.986973,5.576345,No
479156,Female,24,Single,2,Monthly,Fiber_Optic,No,Yes,Yes,No,No,Yes,No,No,89.78,508.4,1018,39.274416,-163.828481,Yes
482430,Male,61,Single,1,Yearly,Fiber_Optic,No,No,Yes,Yes,No,No,Yes,No,2.45,83.48,412,-5.531262,-66.770649,Yes
483506,Female,22,Single,0,Yearly,DSL,No,No,No,Yes,Yes,Yes,Yes,Yes,28.22,366.12,1180,57.820063,-124.426501,No
484138,Female,19,Married,0,Monthly,DSL,No,Yes,Yes,Yes,No,No,No,Yes,99.21,471.93,460,0.310532,-51.079386,No
484554,Female,20,Married,2,Yearly,Fiber_Optic,Yes,No,No,No,Yes,Yes,Yes,Yes,9.23,132.67,463,6.178112,4.39637,No
484811,Female,33,Single,1,Monthly,DSL,No,Yes,Yes,No,Yes,No,Yes,No,72.96,339.75,612,5.546991,-135.347486,Yes
484844,Male,34,Single,3,Monthly,DSL,Yes,No,No,No,Yes,No,No,No,68.18,694.65,513,-80.036565,177.546671,No
486204,Female,50,Single,3,Yearly,DSL,No,No,Yes,Yes,Yes,Yes,Yes,Yes,64.09,81.18,579,-59.063811,-32.365561,No
487904,Male,54,Single,0,Monthly,DSL,Yes,Yes,No,Yes,Yes,No,No,Yes,38.1,804.1,1052,85.470923,-92.914328,No
489533,Female,67,Married,0,Monthly,Fiber_Optic,No,No,Yes,Yes,Yes,Yes,No,No,24.02,671.29,763,-60.225066,151.025409,Yes
497358,Male,62,Married,2,Monthly,Fiber_Optic,Yes,No,No,No,Yes,No,No,Yes,95.9,295.41,719,-69.573929,96.324586,No
498192,Male,20,Married,1,Yearly,Fiber_Optic,Yes,No,No,Yes,No,Yes,Yes,Yes,68.5,328.6,705,81.849493,-176.658255,Yes
506764,Female,38,Single,3,Monthly,DSL,Yes,No,Yes,Yes,No,Yes,Yes,Yes,50.22,91.38,1140,-3.988394,13.689011,No
507144,Female,32,Married,3,Yearly,DSL,No,No,No,No,Yes,No,No,No,48.2,482.1,1157,-22.218261,176.075638,No
507628,Female,32,Married,0,Monthly,Fiber_Optic,Yes,No,No,Yes,Yes,No,Yes,Yes,46.61,78.97,1195,44.316395,86.814115,No
515031,Female,72,Single,3,Monthly,Fiber_Optic,Yes,No,Yes,No,Yes,Yes,No,Yes,60.65,226.97,378,71.196061,11.447424,No
516567,Female,23,Single,0,Monthly,DSL,No,Yes,Yes,No,No,No,No,No,19.39,696.37,1080,-15.789441,-50.192016,No
519239,Female,35,Single,2,Yearly,Fiber_Optic,No,Yes,Yes,Yes,No,No,No,Yes,71.46,164.19,812,70.706887,-24.174694,No
521731,Female,21,Single,2,Monthly,Fiber_Optic,Yes,No,No,Yes,Yes,Yes,Yes,No,16.13,893.93,1182,-45.592927,-80.481957,No
524437,Male,42,Married,0,Monthly,Fiber_Optic,Yes,Yes,Yes,No,No,No,No,No,34.68,182.37,1045,55.726641,-23.783915,No
525251,Male,29,Single,3,Monthly,Fiber_Optic,Yes,No,No,Yes,Yes,Yes,Yes,Yes,6.49,260.39,128,45.98749,-16.041247,Yes
526804,Male,43,Married,1,Yearly,Fiber_Optic,Yes,No,No,Yes,Yes,No,No,Yes,70.72,271.36,282,-24.917608,-143.117996,No
527196,Female,36,Single,0,Monthly,Fiber_Optic,No,Yes,Yes,Yes,No,No,Yes,Yes,40.91,681.26,214,63.167352,78.41433,Yes
527486,Female,21,Single,1,Monthly,DSL,No,Yes,Yes,No,Yes,Yes,Yes,No,39.58,801.1,981,33.775517,174.112375,No
529695,Female,51,Single,3,Yearly,Fiber_Optic,No,Yes,Yes,No,Yes,Yes,Yes,Yes,32.22,130.17,821,-84.400072,-143.069644,No
533570,Male,42,Married,3,Yearly,DSL,No,Yes,No,No,No,Yes,No,No,89.12,701.6,1001,-77.96844,119.238677,No
542593,Male,28,Married,1,Yearly,DSL,No,Yes,No,No,Yes,Yes,No,No,66.74,646.52,276,-51.777834,-46.588921,No
542863,Female,76,Married,3,Monthly,Fiber_Optic,Yes,Yes,Yes,No,Yes,Yes,No,Yes,86.17,68.21,907,13.49715,38.576435,No
546659,Female,59,Married,1,Yearly,Fiber_Optic,No,No,No,Yes,No,Yes,Yes,Yes,73.96,644.2,2,-75.910768,-41.457847,No
546845,Female,54,Married,2,Monthly,DSL,No,Yes,Yes,No,Yes,No,Yes,No,30.85,943.6,950,-66.343907,-79.280814,Yes
549957,Male,57,Single,2,Monthly,DSL,Yes,Yes,No,No,No,No,No,No,38.24,480.44,306,60.17649,-33.771984,No
551913,Female,63,Single,1,Yearly,Fiber_Optic,No,No,No,Yes,No,No,No,No,12.96,665.95,1129,37.353634,77.178902,No
553002,Female,77,Single,3,Monthly,Fiber_Optic,No,No,Yes,No,Yes,Yes,Yes,No,46.95,776.95,571,-80.864955,116.925065,No
554059,Female,19,Single,1,Monthly,DSL,No,No,No,Yes,No,No,No,Yes,97.21,422.51,235,38.507377,173.079085,No
558590,Male,44,Single,1,Monthly,Fiber_Optic,Yes,No,No,Yes,Yes,Yes,No,Yes,41.71,747.66,584,-55.479639,-0.706186,No
560642,Male,64,Married,3,Yearly,Fiber_Optic,Yes,Yes,Yes,Yes,Yes,No,Yes,Yes,65.34,67.18,450,31.913983,-86.688625,No
562628,Male,49,Single,0,Yearly,DSL,Yes,No,No,Yes,No,Yes,Yes,No,31.21,902.45,690,-59.087619,-132.759121,Yes
563126,Male,19,Married,1,Yearly,Fiber_Optic,Yes,No,Yes,No,No,Yes,Yes,Yes,67.05,290.35,528,-30.573697,-61.197846,No
564641,Male,49,Single,0,Monthly,DSL,No,Yes,Yes,Yes,No,No,Yes,Yes,43.69,543.88,490,-15.795079,120.568127,No
568548,Male,74,Single,3,Yearly,DSL,No,Yes,No,No,No,Yes,Yes,No,65.73,961.64,1003,-36.70895,169.815708,No
568862,Female,38,Single,1,Monthly,Fiber_Optic,Yes,No,Yes,Yes,No,Yes,No,No,98.16,88.98,600,-47.847725,61.278445,No
572687,Female,69,Married,0,Monthly,DSL,Yes,Yes,Yes,Yes,Yes,Yes,No,No,17.98,32.74,749,-85.73414,-91.672774,Yes
578182,Male,47,Married,0,Yearly,DSL,No,Yes,No,Yes,Yes,Yes,No,Yes,95.93,427.18,309,-88.496249,-83.580932,No
579648,Male,39,Single,2,Yearly,Fiber_Optic,Yes,No,Yes,No,No,No,No,No,87.75,578.41,311,11.352073,-166.908869,No
579702,Male,41,Single,0,Monthly,Fiber_Optic,Yes,Yes,Yes,Yes,No,Yes,No,No,7.02,654.49,74,-27.861289,14.712457,No
581004,Female,51,Married,1,Yearly,DSL,No,Yes,No,No,Yes,No,No,Yes,15.38,543.46,307,26.906729,-7.385012,No
581860,Male,42,Married,1,Monthly,Fiber_Optic,Yes,No,Yes,No,No,Yes,No,Yes,39.93,809.23,1017,56.331891,7.341444,Yes
588107,Male,35,Single,0,Yearly,Fiber_Optic,No,No,Yes,Yes,No,No,Yes,No,69.71,14.16,1175,64.000484,-57.96869,Yes
596157,Female,74,Married,2,Monthly,Fiber_Optic,No,Yes,Yes,Yes,No,Yes,Yes,No,91.74,687.58,822,-24.177135,97.692276,No
601263,Male,66,Single,0,Yearly,Fiber_Optic,Yes,No,Yes,No,No,Yes,No,Yes,33.08,45.44,281,-83.25884,-6.124011,No
601940,Female,41,Married,0,Monthly,DSL,No,No,No,No,No,Yes,No,Yes,59.78,621.24,375,36.04964,22.670746,No
604734,Male,36,Married,1,Monthly,DSL,Yes,No,Yes,Yes,No,Yes,No,Yes,20.44,554.83,193,-64.79193,-101.700339,No
605511,Female,42,Married,1,Monthly,DSL,No,Yes,No,Yes,Yes,No,Yes,No,68.93,955.68,852,33.461141,-72.820309,No
607915,Male,42,Single,1,Monthly,Fiber_Optic,No,Yes,No,No,No,No,No,Yes,61.81,38.55,406,13.751597,132.035255,No
608486,Female,72,Married,2,Monthly,Fiber_Optic,Yes,No,Yes,No,No,No,No,Yes,47.24,697.43,83,-43.636583,-151.936219,No
609204,Female,69,Single,3,Monthly,DSL,No,No,Yes,No,No,Yes,Yes,Yes,0.77,615.96,68,-11.55437,-176.820227,No
614419,Female,58,Married,1,Yearly,DSL,Yes,No,Yes,Yes,Yes,Yes,Yes,Yes,97.77,340.54,923,58.837387,117.098423,No
614459,Female,36,Married,1,Yearly,Fiber_Optic,No,Yes,No,Yes,No,No,Yes,Yes,49.41,66.77,1021,-79.614241,84.129365,No
615116,Female,72,Single,2,Monthly,DSL,Yes,No,No,No,No,No,No,Yes,45.21,251.68,1082,46.043095,-153.908158,Yes
615408,Female,21,Single,2,Yearly,Fiber_Optic,No,No,Yes,Yes,No,No,No,Yes,56.63,550.58,64,21.154897,153.388446,No
615869,Male,41,Single,3,Monthly,Fiber_Optic,No,No,Yes,Yes,No,No,No,No,98.69,145.4,919,-18.771232,64.595035,No
618265,Female,47,Married,3,Monthly,Fiber_Optic,No,Yes,Yes,Yes,No,Yes,Yes,Yes,98.47,881.07,541,20.439546,76.933439,No
618858,Male,36,Married,1,Yearly,DSL,Yes,No,No,No,Yes,Yes,Yes,Yes,63.04,3.94,154,23.615074,97.259031,No
624095,Female,66,Single,2,Monthly,DSL,Yes,Yes,Yes,Yes,Yes,Yes,Yes,Yes,18.1,934.66,156,62.591172,125.145667,No
624264,Male,22,Single,3,Yearly,DSL,Yes,No,No,Yes,No,Yes,Yes,Yes,91.26,888.94,848,66.146009,-101.945305,No
626931,Female,64,Married,0,Monthly,DSL,Yes,Yes,No,Yes,Yes,Yes,Yes,No,22.26,113.02,1076,-63.46857,-163.762079,No
627495,Male,39,Married,0,Monthly,DSL,Yes,No,No,No,No,No,No,No,59.4,307.61,907,64.342095,-173.120217,No
627817,Female,39,Single,1,Yearly,DSL,Yes,Yes,Yes,Yes,No,Yes,No,No,57.22,151.09,46,43.344184,31.524795,No
631971,Female,24,Single,1,Monthly,Fiber_Optic,Yes,Yes,No,Yes,No,Yes,No,Yes,11.76,304.68,204,79.127578,-113.108992,Yes
636557,Female,49,Single,1,Yearly,Fiber_Optic,No,No,No,No,Yes,Yes,Yes,No,55.42,384.63,312,-63.312157,165.612303,No
640829,Male,21,Single,0,Monthly,Fiber_Optic,Yes,No,No,Yes,No,Yes,Yes,No,17.55,967.01,370,25.59169,-77.413126,No
645081,Female,66,Married,1,Yearly,DSL,Yes,No,No,Yes,No,No,Yes,No,76.21,305.91,291,-36.230103,94.948631,No
646845,Female,29,Married,3,Yearly,DSL,Yes,No,Yes,Yes,Yes,No,No,No,1.57,210.66,7,-18.247557,170.91394,No
650284,Male,41,Single,2,Yearly,Fiber_Optic,Yes,Yes,Yes,Yes,Yes,Yes,No,Yes,52.47,346.12,187,44.017972,-88.929829,Yes
650565,Female,71,Single,0,Monthly,DSL,No,No,Yes,No,No,Yes,Yes,Yes,49.88,74.76,1053,-60.581701,-113.563452,No
657183,Male,42,Single,3,Yearly,Fiber_Optic,Yes,Yes,No,No,No,Yes,Yes,No,65.89,703.71,650,17.653668,-48.649061,Yes
658377,Female,36,Single,3,Yearly,Fiber_Optic,Yes,Yes,Yes,No,Yes,Yes,Yes,No,74.47,157.71,665,-36.153351,119.65716,No
662479,Male,39,Single,2,Yearly,DSL,No,Yes,No,No,Yes,Yes,No,No,89.58,804.5,402,-42.716268,-69.219441,No
666641,Male,38,Single,1,Monthly,DSL,No,No,No,Yes,Yes,Yes,No,No,72.54,672.8,225,75.63347,-166.399122,No
668213,Male,43,Married,0,Yearly,DSL,No,Yes,No,Yes,Yes,No,No,Yes,62.49,861.03,516,12.478361,19.860936,Yes
668917,Female,70,Single,1,Monthly,Fiber_Optic,Yes,Yes,Yes,No,Yes,No,Yes,Yes,79.95,706.06,158,7.348551,-68.859992,No
671317,Female,72,Married,1,Yearly,DSL,No,No,No,No,Yes,Yes,Yes,No,94.28,314.51,893,49.941628,55.681354,No
673860,Male,66,Single,1,Yearly,Fiber_Optic,No,Yes,Yes,No,Yes,Yes,No,No,68.9,602,1131,73.495096,76.663829,No
677447,Male,19,Single,2,Monthly,Fiber_Optic,Yes,Yes,No,Yes,Yes,Yes,No,No,25.83,21.45,398,17.610816,177.076683,Yes
677610,Male,67,Single,1,Yearly,DSL,Yes,Yes,No,Yes,No,Yes,No,No,4.15,226.53,9,-24.899772,102.088058,No
679510,Female,25,Single,1,Yearly,DSL,No,No,Yes,No,No,Yes,Yes,No,86.74,617.12,580,11.84004,-43.702488,Yes
681638,Male,67,Single,1,Monthly,Fiber_Optic,Yes,Yes,No,Yes,No,No,No,Yes,42.33,181.01,762,23.808291,-87.778776,No
682636,Male,26,Married,2,Monthly,DSL,No,Yes,No,No,Yes,Yes,No,No,90.66,629.07,510,-46.640835,153.925161,No
683496,Male,40,Single,0,Yearly,Fiber_Optic,Yes,Yes,Yes,No,Yes,Yes,No,No,5.85,200.98,995,7.968689,-96.109229,No
684306,Male,20,Single,2,Yearly,Fiber_Optic,Yes,Yes,Yes,Yes,No,Yes,Yes,No,10.28,942.03,482,-57.164185,74.521089,No
687069,Male,43,Married,3,Yearly,DSL,No,No,Yes,Yes,No,No,Yes,No,8.52,309.33,349,5.003954,95.590697,No
687410,Male,75,Single,0,Yearly,DSL,Yes,No,No,No,No,No,Yes,Yes,5.45,446.34,81,-89.696925,109.435673,Yes
688113,Female,66,Married,0,Monthly,Fiber_Optic,No,No,No,Yes,No,Yes,No,Yes,16.09,376.58,480,66.891336,-123.379537,Yes
688395,Female,75,Single,3,Yearly,DSL,No,Yes,No,Yes,No,Yes,No,No,61.18,173.58,38,25.404234,-140.923645,No
691239,Female,27,Single,2,Monthly,Fiber_Optic,Yes,Yes,Yes,Yes,Yes,No,Yes,Yes,66.82,235.51,207,-61.514555,-81.938524,No
693147,Male,50,Married,0,Yearly,Fiber_Optic,Yes,No,No,No,Yes,No,No,No,82.33,95.25,7,44.312056,76.224251,No
694724,Male,38,Married,0,Monthly,Fiber_Optic,Yes,No,No,Yes,No,No,No,No,94.29,118.86,918,-5.177938,-158.584388,No
695247,Male,32,Married,1,Yearly,DSL,No,No,Yes,No,No,Yes,No,Yes,25.04,783.87,201,-1.922733,159.13289,No
699241,Female,19,Single,0,Monthly,Fiber_Optic,Yes,Yes,Yes,Yes,No,No,No,Yes,57.36,847.67,621,-81.910921,61.896501,No
699325,Female,24,Single,3,Monthly,DSL,Yes,No,Yes,No,No,No,No,No,97.1,50.42,406,7.987177,73.616332,No
704399,Female,21,Married,2,Monthly,DSL,No,Yes,No,No,No,No,Yes,No,72.69,914.02,467,-53.056484,128.814856,No
707648,Female,72,Married,3,Monthly,Fiber_Optic,Yes,No,Yes,Yes,No,No,No,No,27.49,35.33,422,27.70155,-103.123068,Yes
707833,Female,49,Married,2,Yearly,DSL,Yes,Yes,Yes,No,No,Yes,No,No,90.4,110.54,1008,66.991661,121.895404,No
708890,Female,48,Single,1,Monthly,DSL,No,No,Yes,No,Yes,No,Yes,No,56.46,203.82,390,-87.419371,-145.366436,No
712359,Female,46,Single,2,Yearly,DSL,No,Yes,No,Yes,Yes,Yes,No,Yes,39.99,736.57,579,-52.816776,29.914258,No
715607,Male,20,Married,1,Yearly,Fiber_Optic,No,Yes,Yes,No,Yes,Yes,No,No,69.75,729.22,664,14.601669,-92.042458,No
718813,Female,66,Married,3,Yearly,DSL,Yes,Yes,Yes,No,Yes,No,Yes,Yes,59.88,492.02,796,61.559667,-101.101902,No
720103,Male,29,Single,0,Monthly,Fiber_Optic,No,Yes,Yes,No,Yes,Yes,No,Yes,30.88,783.58,1189,19.134194,-159.37757,No
720868,Female,67,Married,1,Monthly,DSL,Yes,No,Yes,Yes,No,No,No,Yes,89.86,513.84,1048,58.610163,2.799637,Yes
722175,Male,20,Single,1,Yearly,DSL,Yes,Yes,Yes,No,No,Yes,No,No,99.44,801.7,30,39.744801,10.25052,No
722708,Female,45,Married,0,Monthly,Fiber_Optic,Yes,Yes,Yes,No,No,Yes,Yes,No,13.09,43.82,991,-89.952924,8.020267,No
728879,Female,64,Single,1,Yearly,Fiber_Optic,Yes,No,Yes,No,Yes,Yes,No,Yes,63.69,180.45,1189,-14.982123,-140.775667,No
729491,Female,54,Single,0,Monthly,Fiber_Optic,Yes,No,Yes,No,Yes,Yes,No,No,36.36,878.29,360,66.392482,-20.880883,No
732686,Female,45,Married,0,Monthly,DSL,No,No,Yes,No,No,No,Yes,Yes,79.98,678.55,1192,77.74033,64.411443,No
740404,Female,33,Single,0,Monthly,Fiber_Optic,Yes,No,No,Yes,Yes,Yes,No,No,5.41,670.48,227,78.901627,-136.134869,No
740947,Female,29,Married,3,Monthly,Fiber_Optic,Yes,No,No,No,No,No,No,No,71.56,440.26,65,81.351377,34.604432,Yes
741923,Male,73,Single,3,Monthly,DSL,Yes,No,No,No,No,Yes,No,Yes,55.61,657.04,740,-69.686812,76.995535,No
745136,Female,69,Married,2,Monthly,DSL,No,Yes,No,No,Yes,No,No,No,4.53,833.78,39,29.455659,-101.08069,Yes
746461,Male,43,Single,1,Monthly,DSL,Yes,Yes,Yes,Yes,Yes,Yes,Yes,No,6.47,364.54,754,-81.064316,-49.585269,No
748086,Male,74,Married,0,Monthly,DSL,Yes,Yes,Yes,Yes,Yes,Yes,No,No,80.52,523.32,241,-11.672546,26.168282,No
748145,Female,43,Single,1,Monthly,DSL,No,No,No,No,Yes,Yes,No,Yes,46.38,71.72,1160,21.707835,-107.445625,Yes
748497,Male,76,Single,3,Yearly,Fiber_Optic,No,No,Yes,Yes,Yes,No,No,No,3.85,572.83,898,-85.522068,136.211183,No
749683,Female,30,Single,1,Yearly,DSL,Yes,Yes,Yes,No,Yes,No,No,No,87.36,306.12,1091,23.533066,-27.277366,No
752899,Female,70,Single,3,Yearly,DSL,No,Yes,No,Yes,No,No,Yes,No,41.71,20.15,1019,-56.29298,-40.434184,No
755232,Male,56,Single,1,Yearly,DSL,No,No,No,Yes,Yes,Yes,No,No,55.4,972.73,241,-73.890369,123.434508,No
755381,Male,40,Single,1,Yearly,Fiber_Optic,No,No,No,Yes,No,No,No,No,2.76,719.99,620,-13.443094,27.149541,No
757841,Male,44,Married,2,Yearly,Fiber_Optic,Yes,Yes,Yes,No,No,Yes,Yes,No,89.24,750.26,88,-68.396075,-44.051632,No
759082,Male,29,Single,3,Yearly,Fiber_Optic,No,No,No,No,No,Yes,Yes,No,39.3,201.33,993,6.206316,-111.846796,No
760068,Female,75,Married,1,Yearly,Fiber_Optic,Yes,Yes,No,No,Yes,No,Yes,No,31.1,358.86,1033,-48.536024,24.341038,Yes
760880,Male,54,Single,2,Yearly,Fiber_Optic,No,Yes,Yes,No,Yes,No,Yes,No,1.98,502.46,543,46.285479,-26.2828,No
762703,Female,44,Single,1,Yearly,DSL,No,No,Yes,No,Yes,Yes,No,No,71.03,533.72,645,-74.304977,116.262999,No
766515,Female,44,Single,2,Monthly,DSL,Yes,No,No,No,Yes,No,No,Yes,26.8,336.09,1051,-22.805563,-94.475988,Yes
766963,Female,27,Married,0,Monthly,Fiber_Optic,No,No,No,No,No,Yes,No,No,96.82,721.59,844,-26.632917,54.039381,Yes
769381,Male,38,Single,2,Yearly,DSL,Yes,Yes,No,Yes,No,Yes,No,No,98.48,644.4,321,-17.22191,-101.12364,No
770980,Female,58,Married,3,Monthly,Fiber_Optic,No,Yes,No,Yes,Yes,Yes,Yes,No,4.52,735.55,650,0.637883,140.977895,No
772934,Female,39,Married,2,Monthly,Fiber_Optic,No,Yes,No,Yes,No,No,Yes,Yes,14.33,452.01,996,52.957443,-6.876623,Yes
779757,Male,77,Married,3,Monthly,DSL,No,Yes,Yes,Yes,Yes,No,Yes,No,79.39,35.31,953,66.292442,164.492843,Yes
781365,Female,44,Single,1,Monthly,DSL,Yes,Yes,No,Yes,Yes,Yes,Yes,Yes,85.49,915.32,14,-33.469778,12.337917,No
783648,Male,25,Single,1,Yearly,Fiber_Optic,Yes,No,No,Yes,Yes,No,Yes,Yes,14.29,917.74,191,-81.616187,91.082662,No
786908,Female,40,Single,0,Yearly,Fiber_Optic,No,No,Yes,No,Yes,No,No,Yes,67.13,49.92,283,-84.708544,-21.785739,Yes
790194,Female,23,Married,2,Yearly,Fiber_Optic,No,Yes,No,No,No,No,Yes,No,69.13,593.93,1074,35.343944,106.159243,No
791520,Male,48,Single,1,Monthly,DSL,No,Yes,No,Yes,Yes,No,No,Yes,94.45,948.9,1093,37.469507,110.844691,No
791590,Male,57,Married,1,Yearly,DSL,No,No,Yes,Yes,Yes,Yes,No,No,11.66,387.02,702,47.699552,-155.032494,Yes
792432,Female,50,Single,0,Monthly,DSL,Yes,No,No,Yes,Yes,Yes,No,Yes,14.62,469.97,1093,-63.770581,178.276498,No
793274,Male,61,Single,2,Monthly,DSL,Yes,No,Yes,No,Yes,Yes,Yes,Yes,41.35,963.29,691,88.158942,-100.413264,Yes
793392,Female,39,Single,2,Monthly,Fiber_Optic,Yes,Yes,No,Yes,Yes,No,Yes,No,42.96,397.99,841,-34.001097,-17.104036,No
797042,Male,62,Married,3,Yearly,DSL,Yes,No,No,Yes,No,Yes,No,No,55.22,451.32,719,26.166176,-26.192816,No
798453,Male,73,Single,1,Monthly,DSL,No,Yes,No,Yes,Yes,No,No,No,63.07,433.34,329,-76.970223,13.855015,No
799085,Male,31,Single,0,Monthly,Fiber_Optic,No,No,Yes,No,Yes,No,Yes,No,34,871.78,406,-75.718475,-43.235973,No
806466,Female,18,Single,3,Monthly,Fiber_Optic,Yes,No,No,No,No,Yes,Yes,Yes,0.63,147.02,859,-64.893352,17.667628,No
813695,Female,42,Married,1,Monthly,DSL,No,Yes,No,No,No,No,No,No,38.96,208.37,1047,43.345371,-149.586947,Yes
814076,Female,64,Single,1,Monthly,Fiber_Optic,No,No,No,No,No,Yes,No,Yes,81.98,627.37,813,0.975248,-1.955711,No
814354,Female,60,Single,1,Monthly,Fiber_Optic,No,Yes,No,No,Yes,No,Yes,No,70.16,43.34,134,-12.827784,111.032499,No
814500,Female,29,Married,0,Yearly,Fiber_Optic,Yes,No,Yes,No,No,Yes,No,No,10.1,876.03,92,46.344165,20.164069,No
817748,Male,28,Married,3,Monthly,DSL,No,No,Yes,No,No,No,No,Yes,5.28,261.15,176,81.617968,-62.987396,No
818095,Female,30,Married,2,Monthly,DSL,No,Yes,Yes,Yes,No,No,No,No,36.86,198.19,1062,59.638878,0.392167,Yes
821390,Male,20,Married,1,Monthly,DSL,No,Yes,No,No,Yes,No,No,Yes,40.57,444,3,32.751366,-35.500188,No
822051,Female,49,Married,2,Yearly,Fiber_Optic,No,No,No,No,Yes,Yes,No,No,6.9,830.29,1133,-48.481975,-64.67003,No
822862,Female,69,Married,0,Monthly,Fiber_Optic,No,Yes,Yes,Yes,No,Yes,No,No,91.53,949.13,1199,-62.814629,92.197707,No
823549,Male,71,Married,1,Monthly,DSL,Yes,Yes,Yes,Yes,No,No,Yes,Yes,37.4,557.86,800,29.295737,-67.687941,No
825161,Male,29,Single,0,Yearly,Fiber_Optic,No,Yes,Yes,No,No,No,No,Yes,16.44,511.81,78,52.844271,97.379803,No
829612,Female,77,Married,1,Monthly,Fiber_Optic,Yes,No,No,No,No,No,Yes,No,4.72,897.6,415,-82.917204,-123.314428,No
830367,Female,69,Single,3,Yearly,Fiber_Optic,Yes,Yes,No,No,No,Yes,No,No,52.71,732.03,94,-54.34471,91.413668,Yes
831605,Female,56,Married,3,Monthly,Fiber_Optic,Yes,Yes,No,Yes,No,Yes,Yes,Yes,86.76,543.87,139,81.09424,-34.801167,Yes
834496,Male,50,Married,2,Yearly,DSL,Yes,Yes,Yes,No,No,Yes,No,Yes,26.45,460.44,610,-60.714211,-76.651329,No
835434,Female,48,Married,0,Monthly,DSL,Yes,No,No,No,Yes,Yes,Yes,No,13.54,680.94,1198,80.94318,91.049765,No
836014,Female,43,Married,1,Yearly,DSL,No,No,Yes,Yes,Yes,No,Yes,Yes,18.47,185.35,447,-34.826012,-30.577043,Yes
842622,Female,54,Married,3,Yearly,Fiber_Optic,Yes,Yes,No,Yes,Yes,Yes,Yes,No,92.96,616.92,355,23.144778,-88.09015,No
843753,Female,31,Married,3,Monthly,DSL,No,No,Yes,Yes,Yes,No,No,Yes,1.46,631.42,135,30.953562,-172.768074,Yes
849273,Female,30,Married,1,Monthly,DSL,Yes,No,No,No,Yes,Yes,No,Yes,3.86,573.54,902,-82.917764,158.666562,No
850375,Male,71,Single,1,Yearly,DSL,No,Yes,Yes,Yes,No,Yes,No,No,90.52,905.16,972,-29.570573,-90.762523,No
851091,Male,42,Married,0,Monthly,DSL,No,Yes,No,No,No,Yes,No,Yes,51.03,229.45,739,-19.223546,-137.853028,No
851390,Male,46,Married,1,Monthly,Fiber_Optic,No,Yes,Yes,Yes,No,No,Yes,Yes,95.79,11,217,67.205581,116.282305,No
853785,Female,35,Married,3,Monthly,Fiber_Optic,No,No,Yes,Yes,Yes,No,No,No,45.43,382.16,657,16.658085,-65.045668,No
858858,Male,49,Single,1,Yearly,DSL,Yes,No,No,Yes,Yes,No,Yes,Yes,67.96,287.94,481,-64.622782,0.73712,Yes
859212,Female,22,Single,2,Yearly,DSL,No,Yes,Yes,Yes,Yes,Yes,Yes,Yes,33.4,442.26,251,39.532583,169.303013,No
860039,Male,34,Married,2,Monthly,Fiber_Optic,Yes,No,No,Yes,Yes,No,Yes,No,49.74,591.17,556,8.050098,-60.239623,Yes
860257,Male,67,Single,0,Yearly,DSL,No,No,No,Yes,No,Yes,Yes,No,47.74,784.24,586,-73.31313,178.659136,No
861375,Female,22,Married,2,Monthly,DSL,No,Yes,Yes,Yes,No,Yes,No,No,55.9,307.74,1033,-20.686931,-57.461756,No
862497,Male,28,Married,1,Monthly,DSL,Yes,Yes,Yes,No,Yes,No,Yes,Yes,97.47,676.31,548,-43.4907,151.033411,No
862819,Female,70,Single,3,Monthly,Fiber_Optic,Yes,No,No,Yes,Yes,No,Yes,No,0.18,444.29,259,44.612062,-147.31479,No
864342,Female,32,Single,3,Monthly,DSL,Yes,No,Yes,No,No,Yes,Yes,Yes,87.84,231.73,628,75.91984,-166.066031,No
864801,Female,47,Single,2,Yearly,Fiber_Optic,No,No,Yes,Yes,Yes,No,No,Yes,15.05,513.7,140,-82.229005,131.507666,Yes
867511,Male,60,Married,2,Yearly,DSL,No,Yes,No,No,Yes,Yes,No,Yes,22.76,627.14,543,-21.094317,19.984861,No
868107,Male,58,Married,3,Yearly,DSL,Yes,Yes,Yes,Yes,No,Yes,Yes,No,87.17,555.97,197,-62.043719,-78.25005,No
868208,Male,49,Single,0,Yearly,Fiber_Optic,Yes,No,No,Yes,Yes,No,Yes,No,37.31,321.68,586,-3.56859,156.144786,No
870235,Female,49,Married,0,Yearly,Fiber_Optic,Yes,Yes,No,Yes,No,No,No,No,38.16,127.91,593,-73.824214,167.460796,No
871961,Female,62,Single,1,Yearly,Fiber_Optic,No,Yes,Yes,Yes,Yes,No,Yes,No,95.41,911.98,837,45.30783,59.742738,Yes
873885,Male,29,Single,2,Yearly,DSL,No,Yes,Yes,No,Yes,Yes,No,Yes,62.57,325.89,902,51.061278,58.159506,No
875258,Male,77,Single,0,Yearly,Fiber_Optic,Yes,Yes,No,No,Yes,Yes,No,No,95.16,50.36,476,60.026519,171.599211,No
875269,Female,20,Single,0,Monthly,Fiber_Optic,No,No,Yes,No,No,No,No,No,32.06,275.22,497,-45.772779,174.853979,Yes
880510,Female,71,Single,0,Monthly,Fiber_Optic,No,Yes,Yes,Yes,No,No,No,Yes,45.3,469.88,1188,7.700943,87.283244,Yes
881297,Male,58,Single,3,Yearly,Fiber_Optic,No,No,Yes,Yes,No,No,Yes,Yes,73.34,295.83,334,1.429342,72.87722,No
883426,Female,60,Single,1,Monthly,Fiber_Optic,No,Yes,No,Yes,Yes,No,Yes,No,46.91,650.89,1016,-39.163946,133.581411,No
885733,Female,26,Married,2,Monthly,Fiber_Optic,Yes,Yes,No,No,Yes,Yes,Yes,Yes,55.28,870.41,832,64.392947,-105.368681,No
888362,Female,38,Single,1,Monthly,DSL,No,No,Yes,Yes,Yes,Yes,No,No,67.81,9.8,17,-82.026796,-116.186658,No
889572,Male,76,Single,2,Yearly,Fiber_Optic,No,Yes,Yes,Yes,No,Yes,No,No,91.69,301.32,907,67.70872,-139.415904,No
894829,Female,51,Married,2,Yearly,Fiber_Optic,Yes,Yes,Yes,No,Yes,No,No,Yes,9.18,860.54,32,9.863101,69.16476,No
896765,Male,41,Single,1,Monthly,Fiber_Optic,Yes,Yes,Yes,Yes,No,No,No,No,72.84,294.07,342,7.852786,130.548235,No
898051,Male,48,Single,1,Yearly,DSL,Yes,No,No,Yes,Yes,Yes,No,Yes,26.34,978.07,120,11.963539,11.487255,No
900138,Male,76,Single,2,Monthly,DSL,Yes,Yes,No,Yes,Yes,Yes,Yes,No,48.19,149.8,364,-77.786611,-25.593193,No
900254,Female,30,Married,3,Monthly,DSL,Yes,No,Yes,Yes,No,No,Yes,No,83.81,192.49,537,29.282024,168.945894,No
901443,Male,33,Single,3,Monthly,Fiber_Optic,Yes,No,No,Yes,Yes,Yes,Yes,No,40.17,94.52,320,-80.316242,-12.032153,Yes
904810,Male,75,Married,0,Monthly,Fiber_Optic,No,No,Yes,Yes,No,No,No,No,65.69,391.78,1185,47.885298,131.519241,Yes
913831,Female,36,Married,2,Monthly,DSL,Yes,Yes,Yes,No,Yes,Yes,Yes,No,73.73,353.5,666,39.108105,151.086036,No
917425,Male,70,Married,1,Monthly,DSL,No,No,No,No,No,Yes,Yes,No,92.45,204,295,21.711549,-49.133301,No
918130,Male,63,Single,0,Yearly,Fiber_Optic,Yes,Yes,Yes,Yes,Yes,Yes,Yes,No,53.8,33.93,666,31.894625,78.683746,No
922203,Female,60,Single,1,Yearly,Fiber_Optic,Yes,Yes,No,No,Yes,Yes,No,No,39.76,431,1154,3.239017,73.216105,No
922382,Male,77,Single,2,Yearly,DSL,Yes,No,Yes,No,No,Yes,No,Yes,65.48,914.3,728,-37.288396,51.394564,No
922605,Male,51,Married,1,Monthly,Fiber_Optic,No,Yes,Yes,Yes,No,No,No,Yes,82.18,956.55,380,38.998316,47.341218,Yes
923041,Male,68,Single,3,Monthly,DSL,No,No,Yes,No,Yes,Yes,No,Yes,59,148.88,1169,-13.588035,-108.045812,No
924657,Female,58,Single,2,Yearly,Fiber_Optic,No,No,Yes,Yes,Yes,Yes,No,Yes,56.93,299.66,948,-80.31281,143.064743,No
925195,Female,74,Single,2,Yearly,DSL,Yes,Yes,No,Yes,No,Yes,No,Yes,65.98,592.4,1179,-65.60052,82.837951,No
926970,Male,64,Single,1,Monthly,Fiber_Optic,Yes,Yes,No,No,Yes,No,No,Yes,10.74,427.03,975,50.953353,-8.32501,Yes
928629,Male,52,Married,1,Monthly,Fiber_Optic,No,Yes,Yes,Yes,No,Yes,Yes,No,4.93,766.94,824,-66.135999,37.028202,No
929899,Male,39,Single,2,Yearly,Fiber_Optic,Yes,No,No,Yes,No,No,No,Yes,78.9,893.39,119,57.559973,107.608387,No
930278,Male,27,Single,2,Monthly,DSL,Yes,Yes,Yes,Yes,No,No,Yes,Yes,10.1,50.99,1142,19.352515,-114.742344,Yes
931859,Female,22,Single,0,Monthly,Fiber_Optic,Yes,No,Yes,No,Yes,Yes,No,Yes,99.28,598.16,14,-41.817703,-71.600795,No
935579,Female,59,Married,3,Monthly,DSL,No,Yes,No,Yes,No,Yes,Yes,No,85.7,878.96,988,-3.088289,159.253795,No
936705,Female,21,Single,2,Yearly,DSL,No,No,Yes,No,No,No,No,Yes,10.38,29.85,1005,-72.087257,174.286836,No
938388,Male,71,Married,1,Monthly,Fiber_Optic,No,No,Yes,Yes,No,No,Yes,Yes,23.3,653.65,683,69.45376,79.625376,No
946144,Male,54,Single,0,Monthly,DSL,Yes,No,No,No,Yes,Yes,Yes,Yes,68.89,951.15,826,16.537312,141.182064,No
947646,Female,58,Single,1,Monthly,Fiber_Optic,Yes,No,No,No,No,No,No,No,23.44,435.06,566,-80.169301,128.590929,Yes
947871,Male,34,Married,2,Monthly,Fiber_Optic,No,Yes,Yes,Yes,No,Yes,Yes,Yes,10.21,134.72,440,-12.262536,-159.209119,No
950855,Female,27,Married,2,Monthly,DSL,Yes,No,No,No,No,No,Yes,No,2.61,228.65,78,25.092883,-179.349432,Yes
952873,Female,19,Married,3,Yearly,DSL,Yes,No,Yes,No,Yes,Yes,Yes,Yes,78.33,797.53,765,53.388315,-154.984444,No
957384,Female,68,Single,1,Yearly,Fiber_Optic,Yes,No,No,No,Yes,No,No,Yes,92.15,671.58,712,81.393125,173.078065,Yes
957894,Female,23,Married,0,Monthly,Fiber_Optic,No,No,Yes,No,Yes,Yes,Yes,Yes,96.14,796.03,115,-73.461381,-118.289127,No
959940,Male,33,Single,0,Monthly,Fiber_Optic,Yes,Yes,Yes,No,Yes,No,Yes,Yes,93.27,561.65,12,-24.230331,106.821653,No
961358,Female,56,Married,1,Yearly,DSL,No,Yes,Yes,Yes,No,No,Yes,No,90.57,551.76,49,9.535677,50.371992,No
962600,Male,29,Married,3,Yearly,DSL,Yes,No,Yes,Yes,No,Yes,No,Yes,39.61,671.32,202,58.998735,48.170586,No
967718,Male,21,Single,1,Monthly,Fiber_Optic,Yes,Yes,Yes,No,No,Yes,No,No,46.38,421.46,859,-33.313211,-26.260093,Yes
969350,Female,30,Married,0,Monthly,DSL,No,Yes,No,No,No,Yes,No,No,68.17,872.62,381,84.923441,145.871659,No
972587,Male,44,Married,2,Monthly,Fiber_Optic,Yes,No,No,No,Yes,No,No,No,25.91,718.15,976,74.368305,-134.9169,No
974903,Female,72,Single,1,Yearly,DSL,Yes,No,No,No,No,No,Yes,No,27.25,525.86,974,-3.280467,170.371547,No
984368,Male,42,Single,0,Yearly,Fiber_Optic,Yes,Yes,Yes,No,Yes,No,No,No,27.01,518,935,-28.013278,-42.178812,No
984408,Female,72,Married,2,Yearly,DSL,Yes,No,No,Yes,No,Yes,Yes,No,36.05,661.94,273,-62.064181,-147.098919,No
987330,Female,24,Single,0,Yearly,DSL,No,Yes,No,Yes,No,Yes,No,Yes,6.57,651,69,-29.547913,2.133579,No
987467,Female,67,Married,2,Yearly,Fiber_Optic,No,No,Yes,Yes,No,Yes,No,No,38.87,275.38,252,-49.025392,2.129861,No
992302,Female,35,Married,1,Monthly,Fiber_Optic,Yes,Yes,Yes,No,No,No,No,No,69.94,838.09,110,80.340747,-16.083598,No
993819,Female,30,Married,0,Yearly,DSL,No,Yes,No,Yes,No,Yes,No,Yes,26.57,206.29,281,9.588895,-157.296637,No
994126,Male,62,Single,0,Yearly,Fiber_Optic,No,Yes,No,No,Yes,No,Yes,Yes,17.19,523.34,121,78.324411,-45.868644,Yes
998448,Male,34,Single,0,Yearly,Fiber_Optic,No,No,No,Yes,Yes,Yes,Yes,No,18.91,595.48,492,-42.462827,-147.545685,No
999919,Male,25,Married,1,Monthly,Fiber_Optic,No,No,Yes,Yes,No,No,Yes,No,92.11,388.23,213,40.29788,-148.951884,No
